OutboundNameAddress(name=Mike, address= 111,  Toronto,  ON,  M5F3D2)
OutboundNameAddress(name=Sam, address= 222,  Ajax,  ON,  T8H7J9)
OutboundNameAddress(name=Mark, address= 33,  Markham,  ON,  L6H4Y9)
OutboundNameAddress(name=Mike, address= 111,  Toronto,  ON,  M5F3D2)
OutboundNameAddress(name=Sam, address= 222,  Ajax,  ON,  T8H7J9)
OutboundNameAddress(name=Mark, address= 33,  Markham,  ON,  L6H4Y9)
OutboundNameAddress(name=Mario Rossi, address=42, Milano, MI, 20100)
OutboundNameAddress(name=Mike, address= 111,  Toronto,  ON,  M5F3D2)
OutboundNameAddress(name=Sam, address= 222,  Ajax,  ON,  T8H7J9)
OutboundNameAddress(name=Mark, address= 33,  Markham,  ON,  L6H4Y9)
OutboundNameAddress(name=Mario Rossi, address=42, Milano, MI, 20100)
OutboundNameAddress(name=Ciccio Pasticcio, address=33, Cosenza, CS, 87100)
OutboundNameAddress(name=Mike, address= 111,  Toronto,  ON,  M5F3D2)
OutboundNameAddress(name=Sam, address= 222,  Ajax,  ON,  T8H7J9)
OutboundNameAddress(name=Mark, address= 33,  Markham,  ON,  L6H4Y9)
OutboundNameAddress(name=Mike, address= 111,  Toronto,  ON,  M5F3D2)
OutboundNameAddress(name=Sam, address= 222,  Ajax,  ON,  T8H7J9)
OutboundNameAddress(name=Mark, address= 33,  Markham,  ON,  L6H4Y9)
OutboundNameAddress(name=Mike, address= 111,  Toronto,  ON,  M5F3D2)
OutboundNameAddress(name=Sam, address= 222,  Ajax,  ON,  T8H7J9)
OutboundNameAddress(name=Mark, address= 33,  Markham,  ON,  L6H4Y9)
OutboundNameAddress(name=Mike, address= 111,  Toronto,  ON,  M5F3D2)
OutboundNameAddress(name=Sam, address= 222,  Ajax,  ON,  T8H7J9)
OutboundNameAddress(name=Mark, address= 33,  Markham,  ON,  L6H4Y9)
OutboundNameAddress(name=Mike, address= 111,  Toronto,  ON,  M5F3D2)
OutboundNameAddress(name=Sam, address= 222,  Ajax,  ON,  T8H7J9)
OutboundNameAddress(name=Mark, address= 33,  Markham,  ON,  L6H4Y9)
OutboundNameAddress(name=Mike, address= 111,  Toronto,  ON,  M5F3D2)
OutboundNameAddress(name=Sam, address= 222,  Ajax,  ON,  T8H7J9)
OutboundNameAddress(name=Mark, address= 33,  Markham,  ON,  L6H4Y9)
OutboundNameAddress(name=Mike, address= 111,  Toronto,  ON,  M5F3D2)
OutboundNameAddress(name=Sam, address= 222,  Ajax,  ON,  T8H7J9)
OutboundNameAddress(name=Mark, address= 33,  Markham,  ON,  L6H4Y9)
OutboundNameAddress(name=Mike, address= 111,  Toronto,  ON,  M5F3D2)
OutboundNameAddress(name=Sam, address= 222,  Ajax,  ON,  T8H7J9)
OutboundNameAddress(name=Mark, address= 33,  Markham,  ON,  L6H4Y9)
OutboundNameAddress(name=Mike, address= 111,  Toronto,  ON,  M5F3D2)
OutboundNameAddress(name=Sam, address= 222,  Ajax,  ON,  T8H7J9)
OutboundNameAddress(name=Mark, address= 33,  Markham,  ON,  L6H4Y9)
OutboundNameAddress(name=Mike, address= 111,  Toronto,  ON,  M5F3D2)
OutboundNameAddress(name=Sam, address= 222,  Ajax,  ON,  T8H7J9)
OutboundNameAddress(name=Mark, address= 33,  Markham,  ON,  L6H4Y9)
OutboundNameAddress(name=Mike, address= 111,  Toronto,  ON,  M5F3D2)
OutboundNameAddress(name=Sam, address= 222,  Ajax,  ON,  T8H7J9)
OutboundNameAddress(name=Mark, address= 33,  Markham,  ON,  L6H4Y9)
OutboundNameAddress(name=Mike, address= 111,  Toronto,  ON,  M5F3D2)
OutboundNameAddress(name=Sam, address= 222,  Ajax,  ON,  T8H7J9)
OutboundNameAddress(name=Mark, address= 33,  Markham,  ON,  L6H4Y9)
OutboundNameAddress(name=Mike, address= 111,  Toronto,  ON,  M5F3D2)
OutboundNameAddress(name=Sam, address= 222,  Ajax,  ON,  T8H7J9)
OutboundNameAddress(name=Mark, address= 33,  Markham,  ON,  L6H4Y9)
